ds,yhat,yhat_lower,yhat_upper
2024-06-12,568.4056099145749,21.561741385633855,1090.918380856533
2024-06-13,643.6201322139829,125.52614584449117,1184.592354916957
2024-06-14,561.7543694119232,22.469494116795495,1148.3161913661177
2024-06-15,556.0251266190231,58.07616982689384,1074.4264580244662
2024-06-16,587.6963644400038,30.170063960632096,1113.9189407175234
2024-06-17,479.9711618717895,-55.96752652244628,1044.9543289082742
2024-06-18,550.4762717022127,26.360579308685352,1046.371574494332
2024-06-19,565.5054035519668,77.14842928940158,1085.817046289718
2024-06-20,648.7756961360365,98.57948793234543,1186.8602120650014
2024-06-21,574.8898570405701,76.08799392316023,1105.8353207350758
2024-06-22,576.8023861665071,68.8836243253938,1128.3540208804732
2024-06-23,615.5210801570557,141.41889559271402,1147.2888926423298
2024-06-24,514.0066288821752,5.88488500314439,1056.070697437169
2024-06-25,589.6644866751835,94.634922848307,1106.4096403483427
2024-06-26,608.5949397503238,74.77273451200159,1122.7963205053775
2024-06-27,694.3556313763972,148.7851601808486,1201.9721921320177
2024-06-28,621.4288426453326,27.0608886059822,1181.266352798938
2024-06-29,622.6917893539492,69.90995830490111,1132.6356105520833
2024-06-30,659.1210061222033,176.63516496316007,1238.1299513401057
2024-07-01,553.6935358051177,47.72467739641547,1098.4693752960275
2024-07-02,623.8790499698532,122.38783475953468,1154.6950721786359
2024-07-03,635.8888027936247,127.32295532417221,1174.4842136181712
2024-07-04,713.4356995522757,183.8511146021266,1236.4720669639016
2024-07-05,631.1978354263074,100.46273423367943,1111.3374026953102
2024-07-06,622.2838599335377,106.91136942998642,1150.3120486544092
2024-07-07,647.9313671392672,87.78624634052161,1188.434150299074
2024-07-08,531.4011899773045,16.199389191259037,1090.8417712342418
2024-07-09,590.4619108062154,63.15673257704681,1099.6898081437569
2024-07-10,591.6306986443759,34.15763469930369,1090.427584445308
2024-07-11,658.9249778082456,106.07878860407442,1196.606712278457
2024-07-12,567.3175166538811,50.99928963853746,1100.4372839938328
2024-07-13,550.1935275137673,45.44357514414261,1083.201501271173
2024-07-14,569.0412101263025,-3.3623459522091212,1140.9338138185835
2024-07-15,447.33883837867324,-80.22308483258391,980.913310672113
2024-07-16,503.0329077748256,-41.99807048117655,1045.0064438244667
2024-07-17,502.7736366117557,-31.433825443704784,1025.9348325408355
2024-07-18,570.6624805560261,21.423338971904464,1106.6547463458337
2024-07-19,481.70437215997816,-52.17796065643361,994.4331186671506
2024-07-20,469.26336353900115,-31.710753826890027,973.8493937138902
2024-07-21,494.7531533725767,-24.76701771780756,1032.8906493830573
2024-07-22,381.5256071289714,-149.13248622819353,887.1648951831012
2024-07-23,447.35175686672585,-57.53737038388053,984.8761594390055
2024-07-24,458.66150307454564,-45.987632089736394,970.7070225227574
2024-07-25,539.2965701707363,35.030420565932204,1075.7647301503305
2024-07-26,463.96928442693604,-48.38046012236261,993.1509009488522
2024-07-27,465.7256789775384,-79.06045675671987,1013.6730586047097
2024-07-28,505.6442074563813,-9.446774940484378,1044.7548251841847
2024-07-29,406.7329549897507,-87.5513489326351,907.9603176096942
2024-07-30,486.4195973329662,-29.5309741214649,977.5026207481809
2024-07-31,510.80009238480494,22.775371654151,1079.6494252559503
2024-08-01,603.4004028408345,65.63597147043544,1129.056575061075
2024-08-02,538.6435891339569,-12.869120062938801,1067.3859856056818
2024-08-03,549.3205464548979,36.68444411952892,1054.1405242118233
2024-08-04,596.2954602207875,35.54844984894403,1113.6724154041922
2024-08-05,502.40868476990306,-19.808532216062694,1040.0768760962667
2024-08-06,584.9711422511664,69.75462263599285,1139.8449822423454
2024-08-07,610.0161002992145,76.87648894279639,1134.7308225133543
2024-08-08,701.0625518018136,166.87348218186804,1229.05461138706
2024-08-09,632.582481881164,111.63777931398248,1146.5350865083328
2024-08-10,637.4702956049247,102.63781677667687,1112.7112366268173
2024-08-11,676.7455157150274,170.54349505803248,1212.8091033891244
2024-08-12,573.4515304907513,13.000082257291455,1124.9232841582714
2024-08-13,645.1446014397168,114.24981262505285,1164.309350902846
2024-08-14,658.1391363825037,128.90745040731082,1173.984329050036
2024-08-15,736.2636283746024,211.29324493041068,1264.306680710076
2024-08-16,654.3197479248172,128.3119141238334,1148.5869819696347
2024-08-17,645.543083977217,124.45059357902845,1197.4555879033946
2024-08-18,671.2968783382953,178.16269477150985,1192.5909131472426
2024-08-19,554.9617759879746,44.77500859880095,1127.1891980109006
2024-08-20,614.4160435401168,86.13607918648233,1125.8880329868132
2024-08-21,616.2724975573298,96.76298768677297,1167.80186638909
2024-08-22,684.6267662678789,125.9101600856154,1222.1388892598256
2024-08-23,594.50957695866,63.605901431183106,1107.3275213832408
2024-08-24,579.3417429500817,32.21212907465209,1061.5415447094113
2024-08-25,600.623346268646,84.55906906432273,1117.3491835376853
2024-08-26,481.8202546391984,-60.59537757840094,1025.7326765371897
2024-08-27,540.8425054694576,-9.944417269342042,1038.5612048975597
2024-08-28,544.2808402549266,20.465752140773496,1090.6760047134333
2024-08-29,616.1560152671292,110.00920790118901,1147.8761527894997
2024-08-30,531.3735430168026,-14.980672624961679,1040.7235550938062
2024-08-31,523.1824642431208,-12.454237752402967,1058.8129762498625
2024-09-01,552.8695341115153,11.554293123096539,1075.049597190735
2024-09-02,443.65181799738434,-91.10480385926012,982.9702472221629
2024-09-03,513.1620570991038,-47.963127713253996,1017.4207806876426
2024-09-04,527.6928914735652,-15.019786965418968,1059.653703358857
2024-09-05,610.9543525272036,57.54433367450892,1121.837337642712
2024-09-06,537.5370536642587,49.84167259710381,1082.7087449417702
2024-09-07,540.3794473870875,30.486058242414376,1075.0544842892011
2024-09-08,580.4703018591064,22.68011817680113,1100.2107181049698
2024-09-09,480.74916876784664,-83.96615037118143,1054.2480704525678
2024-09-10,558.5989924604266,1.685531158318755,1089.4821762414963
2024-09-11,580.0967566386195,90.05573657908685,1121.452981854491
2024-09-12,668.7764134740089,155.26583667388124,1193.9280922039036
2024-09-13,599.0963852033311,64.77921576653185,1154.9229211897652
2024-09-14,603.9065977143375,83.74235491580878,1107.7228716604561
2024-09-15,644.1626390016088,163.9469900158798,1162.7931547986211
2024-09-16,542.8167561170754,39.15090303974011,1062.561534114572
2024-09-17,617.3128656605076,121.89416562650109,1132.6674768011378
2024-09-18,633.8350013214031,110.46709082752069,1158.103349456439
2024-09-19,716.0668197582968,199.37258932816346,1215.4450247643508
2024-09-20,638.6545619089042,129.02626987444947,1180.8180872027967
2024-09-21,634.6718682583356,99.50081847333922,1130.6917204075962
2024-09-22,665.3176916358581,123.36800673047694,1189.1419990091472
2024-09-23,553.8102272562155,22.23508642662379,1045.6205530518293
2024-09-24,617.8712104438234,71.71709827046686,1150.2824855200463
2024-09-25,623.9667253280176,129.60839499911137,1155.597296608325
2024-09-26,696.0590555624543,192.69576780655413,1228.4972643224762
2024-09-27,609.0621841510754,70.1849375234162,1197.2118482579224
2024-09-28,596.2995429266897,37.80336562490737,1109.7920204117129
2024-09-29,619.1954437982145,95.44847953520762,1172.4987821441164
2024-09-30,501.1632813971908,-11.01455308726879,1024.9246136421486
2024-10-01,560.0850043456887,-0.29721456948455693,1082.3801817148606
2024-10-02,562.5481182562257,48.53818444894619,1075.9843723698125
2024-10-03,632.5948413453755,115.3246948682703,1153.2697136722281
2024-10-04,545.1760774578989,23.01786707401104,1115.231137240284
2024-10-05,533.608831437205,-18.804394455346674,1036.8781612137636
2024-10-06,559.2684897847619,56.366605485075,1043.124894793736
2024-10-07,445.47901421964804,-65.91015677491004,969.1699546038633
2024-10-08,509.9954720400715,-23.983626139194527,1003.184040295894
2024-10-09,519.245064865488,7.660793114129143,1095.1342513417073
2024-10-10,597.0811484835596,56.89797827378799,1093.8067432566315
2024-10-11,518.2427605942659,-16.606259622775266,1067.9102308539962
2024-10-12,515.818115287632,-22.55676940588919,1057.2311764800656
2024-10-13,550.9433095994914,39.18224636549954,1060.8533752763597
2024-10-14,446.69910535939607,-86.30631436348246,947.2224168585414
2024-10-15,520.6000245371465,-47.75313215410023,1026.4099940160047
2024-10-16,538.8417374069454,50.68391835640502,1039.247141446068
2024-10-17,625.0610642581167,118.80029030434322,1192.973633175385
2024-10-18,553.8009476928441,19.398933129924686,1101.3846638371128
2024-10-19,557.9787139419802,22.627731369567798,1051.8005492631069
2024-10-20,598.5887495650527,50.6610156970087,1062.9823716206238
2024-10-21,498.6023627524902,-48.68892901275767,1042.4262180246317
2024-10-22,575.4590006758968,64.75744429995761,1094.9724839592338
2024-10-23,595.314764042417,82.56970891386054,1170.3404618756824
2024-10-24,681.8025306884145,151.76999462263382,1196.8162047921724
2024-10-25,609.4960652897161,55.04451749448631,1170.9521986591687
2024-10-26,611.3764815116833,121.5388890521259,1149.304725285143
2024-10-27,648.5322567722607,106.06486547775873,1149.103519969155
2024-10-28,544.0556659441211,1.9708124752514637,1066.2052022729204
2024-10-29,615.5299225225955,58.44212654767913,1130.5798137600973
2024-10-30,629.2731016996424,94.29126117865407,1162.6675359136507
2024-10-31,709.0933023697938,176.42658890080764,1246.2264661005795
2024-11-01,629.7475778715316,94.5346581220976,1143.2326827384595
2024-11-02,624.4031570168145,102.67121823587124,1123.9481743826866
2024-11-03,654.3323092464841,170.26830036376842,1201.8896577588664
2024-11-04,542.8038672212854,40.5173634754455,1073.286921098651
2024-11-05,607.5658317533201,68.55762833775468,1139.2539058415957
2024-11-06,615.0852553481621,94.98003772408242,1157.1063619630088
2024-11-07,689.299965288913,150.1410147693579,1203.0564064362245
2024-11-08,605.0747392187606,62.05499445850904,1110.4393007934998
2024-11-09,595.6605153967113,111.59043203362917,1147.6453918192963
2024-11-10,622.3880276550474,83.67080656941123,1151.2220860270456
2024-11-11,508.55889006562796,24.912713556025,1037.6890859523278
2024-11-12,571.9285432933146,41.742421163575365,1088.8866956110448
2024-11-13,578.947222335527,84.29236645748968,1103.8718041733819
2024-11-14,653.513448021926,125.60429126587306,1145.8674806443055
2024-11-15,570.4325769381852,47.122764305219185,1089.1479739161102
2024-11-16,562.8788967928476,40.99367159729421,1114.0585525942306
2024-11-17,592.092548550512,72.49833569562486,1135.0757082077987
2024-11-18,481.27418180727113,-31.85123134781326,1037.1021968691857
2024-11-19,548.0716309427897,11.266285941339714,1092.7661198674934
2024-11-20,558.8246454992681,31.351303973541526,1119.753214308959
2024-11-21,637.3220531336956,135.32861529933933,1168.8738994704183
2024-11-22,558.2637719583606,-0.03574129453511751,1065.6138170852414
2024-11-23,554.7260512867014,35.0059970544423,1065.8792962142356
2024-11-24,587.8611271785368,77.3793726005743,1094.3423511836518
2024-11-25,480.7941205381959,-37.63746891825382,1017.872667189232
2024-11-26,551.1114045621456,29.051950044967423,1100.805614142926
2024-11-27,565.1064344240378,38.76792142729605,1118.3907603085938
2024-11-28,646.5373978570647,118.16695873926699,1151.0443483998474
2024-11-29,570.0891050407603,42.030396737005475,1113.7623559322208
2024-11-30,568.837519313209,11.143930703712918,1101.1342135507023
2024-12-01,603.9481575212452,70.74902599433099,1131.116014095072
2024-12-02,498.5712481350893,-45.94411117364564,1003.7566305496725
2024-12-03,570.3279504993176,34.793959467302706,1095.4516342645509
2024-12-04,585.5537176025258,63.02122377245976,1103.386535151254
2024-12-05,668.0532605715375,139.88809657101584,1184.8071013251629
2024-12-06,592.5596393490698,120.76520241417239,1120.982947357625
2024-12-07,592.1959899497848,82.10097501890154,1152.5692068098058
2024-12-08,628.1712251145624,111.76711822935425,1150.363363021146
2024-12-09,523.6726999217941,-8.72501505382696,1059.5303799488204
2024-12-10,596.3502410867612,89.33313814593699,1093.7360548306935
2024-12-11,612.5577063990094,82.59149087503079,1121.1525197018475
2024-12-12,696.1066024246762,147.7099465693554,1216.9210437193356
2024-12-13,621.72433835299,72.33713806068484,1147.0072351213553
2024-12-14,622.515661489026,118.67593283508134,1117.5584850989794
2024-12-15,659.6586267963493,147.9209352755474,1176.5328777253908
2024-12-16,556.2980875562403,-12.004499830100695,1060.018956100593
2024-12-17,630.0310814431296,85.94491682531373,1166.012837413602
2024-12-18,647.1502347498987,94.60415413317719,1183.95864842177
2024-12-19,731.399651580472,189.38722304236447,1275.0637028250637
2024-12-20,657.435788549725,108.2138333795786,1186.0455192808743
2024-12-21,658.2917700742452,142.18853774583607,1199.044275118804
2024-12-22,695.0763958703171,137.08459624500006,1217.0947186537433
2024-12-23,590.8707200072693,57.45060853708322,1090.740262945229
2024-12-24,663.2164646766126,121.91977158492564,1178.5339907881698
2024-12-25,678.3622806618644,168.80384535171018,1222.321255223962
2024-12-26,760.0222144333829,179.08659519834234,1256.830171194242
2024-12-27,682.838783381393,161.22323903567425,1226.0858355879238
2024-12-28,679.8490260759943,170.16128938438717,1176.2912809929737
2024-12-29,712.1847051530199,168.1647281392584,1244.0101534767434
2024-12-30,602.9694847995427,50.612395551483154,1087.3493506589296
2024-12-31,669.8073074532113,82.96057016504946,1225.403751359512
2025-01-01,679.0279634483502,135.46960776029678,1226.0741911001794
2025-01-02,754.444216471533,236.34775013677526,1270.5845783929738
2025-01-03,670.8129106625165,129.2342878487585,1239.4269306769352
2025-01-04,661.2984714781916,120.67504607671056,1161.8715431510934
2025-01-05,687.1700428874341,137.07457017593777,1213.287747216207
2025-01-06,571.6951658081697,44.08247861770658,1125.7000159138488
2025-01-07,632.6243208878527,136.40531935887176,1186.0275084897767
2025-01-08,636.4324405214238,110.78110748969185,1171.4706862413154
2025-01-09,707.0718734789239,160.51044412318993,1258.434264278005
2025-01-10,619.429354010695,85.39672457630574,1147.3518148110131
2025-01-11,606.7855156927624,25.498427999987946,1127.793021756035
2025-01-12,630.5083180711576,108.68803914949594,1148.0211599074983
2025-01-13,513.9434106917229,1.481068139172331,1053.2030113764629
2025-01-14,574.8958671548771,36.73028186117418,1109.5640444035882
2025-01-15,579.8694901642199,41.775591306399015,1063.4976994882863
2025-01-16,652.8182502973066,138.9079820254919,1181.6382524985386
2025-01-17,568.6024704981493,41.859021423911955,1089.8689729229804
2025-01-18,560.448334900317,20.661699634688304,1087.1607858722386
2025-01-19,589.6421058648508,87.5902573532771,1091.9940175658276
2025-01-20,479.4220655811688,-25.55032995933215,1024.6706918378952
2025-01-21,547.4625830079467,24.722428228179417,1076.0164866815778
2025-01-22,560.1164520603174,64.2782737294925,1072.2528337890988
2025-01-23,641.169986988528,106.71761613945296,1171.4008167360932
2025-01-24,565.3033904534448,12.678052587274227,1130.492523664022
2025-01-25,565.5548593909548,30.084985205250483,1080.6812515514762
2025-01-26,603.0196852232152,93.24399255876489,1118.7988839203058
2025-01-27,500.7472273162423,-33.32116978181412,1012.1942069411672
2025-01-28,576.2300168718999,42.25562961506678,1091.1795646222504
2025-01-29,595.65099170654,73.74016117626284,1079.9827694394912
2025-01-30,682.643204844642,173.221721949377,1234.6374128875605
2025-01-31,611.7543861786032,65.95248135304668,1147.0038275780123
2025-02-01,615.9146966775178,73.5440533267627,1161.0807312293305
2025-02-02,656.1388222390409,119.38910672770531,1165.589232377964
2025-02-03,555.4251913069487,47.02356059826767,1089.8958238613193
2025-02-04,631.246504405734,88.5681515768209,1151.4482611910494
2025-02-05,649.7975269521465,60.57099714280445,1145.3503184189217
2025-02-06,734.7544656130253,206.35918210206827,1290.5918592871662
2025-02-07,660.7383105234787,126.28581647160192,1232.6689738712057
2025-02-08,660.7805122243685,138.49163307242256,1167.967472497285
2025-02-09,696.0221938139584,180.67252923227986,1230.1303502241233
2025-02-10,589.6097633425605,56.98775943410728,1121.4356355016544
2025-02-11,659.1812127354633,160.6397791099683,1168.8836000815174
2025-02-12,671.1091752798596,136.84725302518675,1155.6266551020622
2025-02-13,749.2551969002916,241.913126237032,1231.1568292362385
2025-02-14,668.427750485845,151.59740822540527,1188.6364327870426
2025-02-15,661.8425165914899,171.13167587890678,1182.9616261095778
2025-02-16,690.8162884446142,184.9157593093559,1228.647671606599
2025-02-17,578.6575220722983,15.69135609962456,1106.3906039507888
2025-02-18,643.1479673181681,139.5416290927629,1150.7894743951986
2025-02-19,650.7815905308706,159.5339228206109,1171.4989169837104
2025-02-20,725.5153679494007,193.20946764010395,1257.2749444772774
2025-02-21,642.2245841569163,96.59490032419791,1167.242741012255
2025-02-22,634.1612421000583,142.2814071346047,1151.5261068839886
2025-02-23,662.6470012780409,172.08533179917873,1204.8166793642908
2025-02-24,550.9636971250469,17.41886567808587,1081.3276967852282
2025-02-25,616.8358821155265,104.41250628054871,1169.6332618330612
2025-02-26,626.6715761390741,121.56518099916862,1145.0464288628596
2025-02-27,704.3157549240354,156.31466396039517,1220.7949897766264
2025-02-28,624.5091342820403,105.19957920682354,1158.0502001310717
2025-03-01,620.3507564887223,74.08853771934396,1113.4272583956124
2025-03-02,652.9956740642157,125.99272076274791,1187.196784197483
2025-03-03,545.55064512667,-5.793456616249399,1030.6494794781875
2025-03-04,615.5621284084785,98.42427487890652,1117.1055526519408
2025-03-05,629.262604085998,73.37283294018576,1173.905047735427
2025-03-06,710.3295831403383,182.46391493803588,1244.3537121648644
2025-03-07,633.3496978858756,87.63317588402515,1175.0932672851613
2025-03-08,631.2862199818427,74.39381583627446,1161.2397780135511
2025-03-09,665.1811515330512,182.36759030668378,1207.2136582333756
2025-03-10,558.054668476289,77.14413448320126,1084.4058124441008
2025-03-11,627.3960881501187,72.1326945792649,1176.764855444998
2025-03-12,639.4122933717616,168.87791008847532,1179.7683240874849
2025-03-13,717.7879071502576,196.9360099534267,1253.434220326376
2025-03-14,637.1495695306668,144.63255421166355,1158.2479804645752
2025-03-15,630.532650557941,104.70569259637142,1114.5655376722314
2025-03-16,659.0815619806183,149.6111570072328,1163.3074809816699
2025-03-17,545.9464929255432,51.36057150531042,1045.244125141003
2025-03-18,608.7708153076178,80.09225464529548,1102.7253634547653
2025-03-19,613.93519094052,77.52361754093268,1110.4486546741903
2025-03-20,685.3127972192868,140.22797405144016,1230.3831790246738
2025-03-21,597.7281647203394,66.0416615704762,1103.2108419662666
2025-03-22,584.4181189315942,52.435703478694144,1114.1319612580678
2025-03-23,606.7261565622453,68.94015515120516,1121.744868218075
2025-03-24,487.9932563747045,-38.7126083679015,1038.1580670644119
2025-03-25,546.039545459567,15.33501446888287,1095.4689905267621
2025-03-26,547.4030238160713,55.16479274079996,1070.4499001041888
2025-03-27,616.0899255215083,113.14420234590365,1127.6159490574023
2025-03-28,527.0293574066318,23.65670305692524,1092.0479063068856
2025-03-29,513.530835439461,-51.64164986004824,1024.5556948928165
2025-03-30,536.9761559568668,28.3072757805713,1055.1716039172586
2025-03-31,420.7086816375718,-93.44219074791415,926.4245374926404
2025-04-01,482.514515157768,-30.80428135478194,993.6317358540529
2025-04-02,488.8617853487503,-61.08552142788825,987.7875889159696
2025-04-03,563.6526152710031,16.609450156711176,1066.0781997716929
2025-04-04,481.68037353163766,-85.05387567383715,1013.6091263985024
2025-04-05,476.090759710164,-33.63287715061445,1019.1005821980656
2025-04-06,508.0780638294334,-20.569680040012106,1023.9173467562691
2025-04-07,400.77955739844833,-119.69557250092627,937.2738866454414
2025-04-08,471.76234488559004,-45.391532851721855,970.5075312764885
2025-04-09,487.2687387537553,-25.706243109885243,1046.8165670379035
2025-04-10,570.974552843794,85.76864039193295,1099.4020216084512
2025-04-11,497.45273288950955,9.538030363894162,1028.9536047095605
2025-04-12,499.64068975120136,-46.5401428066794,1023.390131084647
2025-04-13,538.542493778295,7.18400549594802,1064.800522426293
2025-04-14,437.1287121418434,-94.41376666635595,930.5649317319996
2025-04-15,512.8280587491546,8.080214091795156,1087.5035458923528
2025-04-16,531.7767763850668,24.909106583821142,1059.8974425878087
2025-04-17,617.5800256813828,79.4402306222023,1145.654610565811
2025-04-18,544.777605347597,18.994833366204833,1108.6024722066168
2025-04-19,546.3123039595297,5.305814479521602,1056.687230184181
2025-04-20,583.2320064125322,61.40308064869581,1104.9519338958698
2025-04-21,478.58833602610076,-45.17941203705601,1007.8120888276768
2025-04-22,549.9260302639061,32.108658757614165,1091.0271074940767
2025-04-23,563.5290319881728,-2.9550896221903122,1101.7720485028203
2025-04-24,643.1776621416404,125.71216804935439,1176.2920671507081
2025-04-25,563.6093171490672,14.203233936405374,1076.2380699521916
2025-04-26,557.9811342339115,40.60007336682752,1061.6701546225775
2025-04-27,587.5659106521882,53.660080994608414,1134.9645794077799
2025-04-28,475.64423602794056,-49.87527980497118,1005.4667255603093
2025-04-29,539.9872241148079,2.9416360789318095,1067.681846612039
2025-04-30,547.0960189681857,22.305441626426724,1101.344985109678
2025-05-01,620.952633557906,106.85814950644858,1116.638671473963
2025-05-02,536.4747497066311,5.764572222380498,1076.749056682312
2025-05-03,526.9730961296405,1.0753736453399616,1016.4556120187804
2025-05-04,553.8428470372,37.769905003752285,1062.1848982074134
2025-05-05,440.452135107784,-57.411192948882245,995.0544796482538
2025-05-06,504.6221742402302,-61.38246088681001,985.4933435709839
2025-05-07,512.8652463757928,-32.00577182899753,1025.131252495705
2025-05-08,589.1351590539562,36.23959941099619,1078.4914749136103
2025-05-09,508.2828174454621,-24.020475884771905,997.8131879630909
2025-05-10,503.51550908288255,-5.421541362245873,1007.4338085346725
2025-05-11,536.0912918487302,-17.06965559400075,1057.8206321420262
2025-05-12,429.211495285822,-92.53020746595014,936.7033763767989
2025-05-13,500.50571701233486,-56.73000435517576,1000.7481657344124
2025-05-14,516.2754291813892,-3.8242116255196317,1041.8873156922386
2025-05-15,600.2506389932788,50.810187392611944,1120.4339868829275
2025-05-16,527.0520672248417,3.2951426365716245,1095.3726631925201
2025-05-17,529.6572503804722,43.41083069444491,1049.682995329107
2025-05-18,569.1017574425653,11.149257513516494,1097.8105741573363
2025-05-19,468.3783305164094,-59.11762630148599,974.0501967226094
2025-05-20,544.9281350521429,35.61241876719415,1034.0492391499317
2025-05-21,564.890048933274,28.6998712037289,1055.2949343708233
2025-05-22,651.8622646818526,138.98163463295856,1162.3608211207666
2025-05-23,580.3685199720111,53.54901909715675,1084.6630340200163
2025-05-24,583.3272386567024,79.34965875754774,1113.4346109419557
2025-05-25,621.7546790469619,93.52998274113172,1124.154511751289
2025-05-26,518.6648364988938,-23.014972945250513,1054.147255676984
2025-05-27,591.5602577731285,47.603290041890965,1094.5929852891202
2025-05-28,606.6797032082447,48.83547037119481,1166.0322505433578
2025-05-29,687.7569727029916,184.2976809942368,1162.5567777099145
2025-05-30,609.4832862106035,72.14159823956648,1168.8147438013757
2025-05-31,604.9716086901582,63.483786712765685,1145.7397187769045
2025-06-01,635.4541524166287,80.30273425574948,1195.6969398638776
2025-06-02,524.1759652641593,16.721989601201017,1052.7013226855374
2025-06-03,588.8789443394292,50.67249015813461,1127.0486581478592
2025-06-04,596.0424081931409,88.47576557119912,1144.4955350694147
2025-06-05,669.6347503801155,150.2638686984712,1181.7081707580219
2025-06-06,584.5687755955868,20.41592888502797,1131.3863422510062
2025-06-07,574.1593160247809,73.4526266248886,1118.2347353115965
2025-06-08,599.8145603928559,59.17430767460143,1101.6765163542252
2025-06-09,484.92418916625536,-51.41667631660936,1013.0885760132287
2025-06-10,547.3388203578628,45.548208802370404,1072.6492654306442
2025-06-11,553.6070394531638,-31.594996585356768,1082.805303101207
2025-06-12,627.7246474926051,115.88671136225362,1164.9951055022918
2025-06-13,544.5888074073471,5.633764591292717,1089.7192557146327
2025-06-14,537.455730234478,25.54331203749368,1091.1336116539019
2025-06-15,567.6333413301527,54.657062872654436,1121.3673508907777
2025-06-16,458.3719908688461,-60.5966249219312,967.2076736068739
2025-06-17,527.3476477761077,34.11531275388953,1101.1958966039772
2025-06-18,540.9037507953826,-20.85557971937909,1045.3651080103991
2025-06-19,622.806219136157,108.13034280612791,1138.7421713268511
2025-06-20,547.7041430097502,13.79170819891621,1040.6267035913802
2025-06-21,548.5946123075312,27.538747973421085,1070.9232923698294
2025-06-22,586.5229206693591,34.09927112944954,1138.0101530967295
2025-06-23,484.4809957673159,-22.612235510961334,975.0363967396379
2025-06-24,559.8982716861395,77.70140038652178,1103.903291227235
2025-06-25,578.8909557064453,74.40481557098106,1099.8143978255512
2025-06-26,665.0239755819936,107.55069618116421,1217.3483137711532
2025-06-27,592.7779236306908,98.20463586561938,1092.7144989432113
2025-06-28,595.0192698749485,63.518573797324805,1133.1888012609752
2025-06-29,632.7049199471656,132.71169637863605,1174.3988356674524
2025-06-30,528.7838331160665,-29.14578129402225,1065.8183089711815
2025-07-01,600.6898162235109,47.38837625569714,1137.8314849416138
2025-07-02,614.5913789191695,101.40937719556759,1130.6578025291008
2025-07-03,694.152907781483,182.84817348841275,1227.509606759286
2025-07-04,613.9994855705608,69.86604497764502,1113.4075796869688
2025-07-05,607.1836762457028,72.11406997303652,1094.9968168672958
2025-07-06,634.8854372102929,128.5567083970233,1147.5287842468422
2025-07-07,520.3079949727212,-14.380886163497028,1066.0169842585724
2025-07-08,581.1639527185479,3.4447788393696595,1109.0964764716143
2025-07-09,583.9176955740154,95.34434417403193,1107.2846821402698
2025-07-10,652.5385543024541,114.81256798222252,1189.8532834452228
2025-07-11,561.9572739184371,47.905360891955695,1111.0643131362651
2025-07-12,545.5243390852731,13.777703865930999,1030.2278526876473
2025-07-13,564.7015534724718,43.15345287952298,1077.1037043872343
2025-07-14,442.94994284424854,-64.01990603631998,992.1715920392685
2025-07-15,498.20847537841536,-20.223255819828456,1070.9908934068744
2025-07-16,497.1298745519421,-46.75103963758769,1011.932279608251
2025-07-17,563.8281743486091,70.2446898916745,1070.3955580104187
2025-07-18,473.3307254743661,-77.08242259223799,953.4378825375513
2025-07-19,459.03333570525274,-77.14852800531399,987.7028049923075
2025-07-20,482.39003788598063,-21.59019148538699,1043.9772687349455
2025-07-21,366.8006139803456,-161.63005586606135,865.5391234924094
2025-07-22,430.09038767471884,-108.43153909278287,956.3185504112977
2025-07-23,438.7485400465866,-52.11788332235034,987.4601304968854
2025-07-24,516.679537039193,38.42581411332256,1064.4702310774153
2025-07-25,438.66027861893053,-55.2169099814386,1002.1738034226777
2025-07-26,437.80151830824764,-62.34702543135453,916.1415806912959
2025-07-27,475.2448803153927,-36.9660905761298,973.5249676388634
2025-07-28,374.05840908806624,-120.57923104383164,918.4683348548145
2025-07-29,451.72494818868824,-76.9179075232693,985.199331212295
2025-07-30,474.38937138016564,-69.0561982950644,976.7285344099262
2025-07-31,565.6190133459711,14.571223286997308,1086.5783027677985
2025-08-01,499.86966565678193,-33.29015778392625,1042.4262055258653
2025-08-02,509.95544615972705,-17.532581913152285,1057.0578216754418
2025-08-03,556.753638978428,6.0020091371397895,1083.3085341811386
2025-08-04,463.1072267222623,-70.90768158364997,1006.2795688060878
2025-08-05,546.3192213199035,46.97973863070737,1080.3720523355094
2025-08-06,572.4046539184352,45.530485554780164,1100.756204270403
2025-08-07,664.8544412709596,98.53506363090978,1200.462758822978
2025-08-08,598.1034007220462,74.34870106112689,1116.7995669598633
2025-08-09,605.0006662558011,93.14322234076438,1111.5617935852983
2025-08-10,646.5135885240104,114.2336857755095,1166.0965301590918
2025-08-11,545.6278658752492,38.66416550540489,1069.0277216057045
2025-08-12,619.8380784802077,58.73657799534954,1148.1764927527822
2025-08-13,635.3945896133625,81.68777333328832,1176.6349025779452
2025-08-14,716.0611703592647,185.34016152476525,1251.2861189517841
2025-08-15,636.5757895508003,79.23795265436868,1187.2579246113316
2025-08-16,630.1130185789415,103.24645635288978,1112.5582136244996
2025-08-17,657.9793509665175,119.56465000437436,1180.646358349602
2025-08-18,543.5044166801692,9.767520119121292,1104.6059073743816
2025-08-19,604.5225044174016,60.49593675884967,1109.2204070629728
2025-08-20,607.6105990786605,79.86362984851976,1126.7676387695637
2025-08-21,676.8375290457258,111.2914194497641,1226.364623430594
2025-08-22,587.2168921306458,84.0898470123377,1114.308013405495
2025-08-23,572.162419328412,46.737465167463334,1110.1485292561813
2025-08-24,593.1772625580047,105.37128592179717,1104.4957827784124
2025-08-25,473.7403443352322,-39.50178883898354,1017.1807054928751
2025-08-26,531.7843081109799,-21.346047015174328,1065.8593142297075
2025-08-27,533.9313661119552,6.092128272699996,1077.127351269111
2025-08-28,604.2416908103534,84.57746051614194,1164.1478489832928
2025-08-29,517.6670309950423,-47.22216025678042,1034.4783285630074
2025-08-30,507.50818418354913,-22.67355825072616,1038.4933548731706
2025-08-31,535.1077454814819,-32.19823842380029,1053.2495422526656
2025-09-01,423.74116848359085,-111.59976121678281,948.3071633098741
2025-09-02,491.1005407179123,-30.037969125952173,1010.1727156336538
2025-09-03,503.5372049380262,-14.089823798315953,1031.4795721099963
2025-09-04,584.81768191691,74.07569431478682,1103.9178198591746
2025-09-05,509.5853658340356,-46.27191238426539,1041.5702171941202
2025-09-06,510.826400597771,-34.63570243789426,1018.786104065032
2025-09-07,549.5709266487149,23.000904904275032,1051.277817325506
2025-09-08,448.79250220854726,-87.84308767119445,1008.935770386966
2025-09-09,525.8998757213942,2.123009300132338,1066.3107515206814
2025-09-10,546.9870265773218,15.593280798633153,1063.1003806430813
2025-09-11,635.5957332269649,104.24905607040557,1147.416844641175
2025-09-12,566.1829661342565,74.55573705817129,1100.9860986054316
2025-09-13,571.5913677544181,91.49191579825991,1089.3560982833005
2025-09-14,612.7538942873318,96.0662402144,1158.2423885704968
2025-09-15,512.5953425888558,11.02269262560999,1018.975970290845
2025-09-16,588.5248946305901,74.98840097507677,1152.3528381360022
2025-09-17,606.6855892939262,113.0812912954108,1125.1937335755754
2025-09-18,690.7150102828645,169.29899098847287,1188.2609153851372
2025-09-19,615.2095530609615,88.40227655343409,1127.2645093189376
2025-09-20,613.1906320882415,99.793964977082,1134.8101014745878
2025-09-21,645.804032741592,94.06952026384027,1192.618909007038
2025-09-22,536.2152876432633,30.710189695666493,1083.978390533239
2025-09-23,602.0953877944906,73.26799193734507,1122.2600578426757
2025-09-24,609.8629339980896,74.56787386904406,1175.2724123314017
2025-09-25,683.4372231278834,202.9821049563517,1206.216345393578
2025-09-26,597.6948441186297,75.93577635401415,1117.121111285625
2025-09-27,585.9283559459592,75.42916280841445,1090.961246746679
2025-09-28,609.5384565466076,136.23662284068084,1124.2171488913557
2025-09-29,491.92271473726913,-16.15776990522149,1048.0208394001222
2025-09-30,550.955350847776,19.347288088650338,1085.915304181481
2025-10-01,553.224323939899,89.39780756051893,1091.6502838996705
2025-10-02,622.780347613183,95.7359707241226,1128.4972898062292
2025-10-03,534.5905065444274,15.863950833424253,1058.162934063413
2025-10-04,521.9951119942676,-16.488697745057422,1039.935539141552
2025-10-05,546.3992379955243,50.52001978113031,1073.7548343454428
2025-10-06,431.162009485494,-112.90601834582658,972.6429937660972
2025-10-07,494.0780941569711,-42.586162626924164,1019.2939124422887
2025-10-08,501.61759027324,-34.498471193034284,1074.1897078426903
2025-10-09,577.678837403309,33.69219390351851,1116.2246044619387
2025-10-10,497.046700876669,-47.134206377180945,1043.6020971867715
2025-10-11,492.85482434699765,-44.39402343335365,994.3331851921615
2025-10-12,526.2831302455754,-15.111996322104442,1045.930940990591
2025-10-13,420.45346423030367,-72.43543154374721,979.5148905175631
2025-10-14,492.91765218116274,-26.646060039059332,1002.4557220277015
2025-10-15,509.90397605673115,29.967149532023303,1027.8035630009701
2025-10-16,595.0764121663317,30.854298641094427,1135.4540383569984
2025-10-17,522.9990075041994,0.7530661241191383,1045.8582269461424
2025-10-18,526.6037249451223,-52.99090024597822,1044.8591274938233
2025-10-19,566.8928921248422,14.83120240244092,1034.1284462667072
2025-10-20,466.839025028357,-42.2670552691726,984.1226685426356
2025-10-21,543.8761944746738,11.117212952812588,1078.585119889254
2025-10-22,564.148868045812,-33.51125189965879,1064.679154186078
2025-10-23,651.272525708747,94.36140227300561,1197.218853432146
2025-10-24,579.7984081724603,82.34298992774306,1085.0745875278753
2025-10-25,582.6807424113667,35.29786918242448,1082.6219734130332
2025-10-26,620.9776194996707,112.83957388336604,1145.120339673719
2025-10-27,517.7483637150295,3.5969839433035986,1088.784866126966
2025-10-28,590.541652576624,74.20637252922955,1130.4676449557537
2025-10-29,605.6404328081478,104.50244811023848,1157.8582283279206
2025-10-30,686.8180600781205,136.19761973323895,1222.0707977979102
2025-10-31,608.7981642143984,95.26303933749038,1143.165516728054
2025-11-01,604.7167355247776,76.34432564521089,1144.3092553882793
2025-11-02,635.8177625322918,87.0827032805397,1198.870787130291
2025-11-03,525.3454144795664,11.117043976215976,1044.8215563216502
2025-11-04,591.0271773543598,59.455162654012845,1146.917090346852
2025-11-05,599.314127848037,77.67872956795574,1089.6595756932738
2025-11-06,674.1328988946209,146.87729314101057,1202.305059908715
2025-11-07,590.3419471471278,59.8665785054574,1094.39882185773
2025-11-08,581.1907066392869,79.11864571580925,1130.5157452309254
2025-11-09,608.0130252796711,99.2653867241833,1164.9559987243895
2025-11-10,494.1179199338253,-31.18258392895473,1017.6970183194481
2025-11-11,557.2720767341997,5.844283744022094,1060.5012739875492
2025-11-12,563.9402741462596,43.445531175501095,1147.9483921906262
2025-11-13,638.0382516793916,167.9541003943332,1185.7655655343233
2025-11-14,554.3905813355373,25.56651772043399,1078.7055129097466
2025-11-15,546.1920524561646,-9.062582598454279,1079.3981802595297
2025-11-16,574.703875334688,37.82270206019611,1132.8028603097985
2025-11-17,463.14763377480637,-64.77656322037888,1015.1325130642631
2025-11-18,529.191296722457,-18.08906957326967,1078.5426676213167
2025-11-19,539.1933431948033,-0.015444497074019153,1022.0038127603112
2025-11-20,616.9593972032251,96.78347607488537,1145.5173270481366
2025-11-21,537.2038048059774,28.28915893824195,1093.3669513566033
2025-11-22,533.0145441986357,-2.7265884901143527,1078.7384360328854
2025-11-23,565.5526634176309,36.012363414349934,1078.0261086594678
2025-11-24,457.9490773922222,-73.18603449528324,986.0459543011356
2025-11-25,527.7929513758517,2.9696813302959875,1055.1583373234544
2025-11-26,541.3776596412291,-23.24707303067784,1052.3820819569496
2025-11-27,622.4586703826664,141.6354835248801,1108.4504632441742
2025-11-28,545.7157639976591,34.729531313665895,1079.6060860815699
2025-11-29,544.2179719409073,11.693385768892094,1030.0824245573663
2025-11-30,579.1224480785617,50.636971098493945,1108.3530744223685
2025-12-01,473.5701417188411,-57.25405063773177,1008.393149973675
2025-12-02,545.1725559568248,-13.959445246832479,1056.2076512705723
2025-12-03,560.2556520281606,19.27471617672745,1089.9802172717457
2025-12-04,642.6153380594277,112.1170506088269,1160.262869839941
2025-12-05,566.9770463067687,46.88341643475098,1092.8485701323978
2025-12-06,566.4578909189922,16.226381877037763,1095.2677422842758
2025-12-07,602.2627266751819,94.8180769263669,1175.554158104307
2025-12-08,497.5770865316282,-28.157259316150103,989.6720628709395
2025-12-09,570.0513860851205,76.25959578612306,1091.3112958770828
2025-12-10,586.0425542292098,81.71493345064691,1129.2610142785957
2025-12-11,669.3676146767876,147.11802589377103,1169.5549885877326
2025-12-12,594.7617965818366,50.488639434112514,1095.057346186493
2025-12-13,595.3397239524003,108.48477201443237,1119.1765260505854
2025-12-14,632.291044118706,117.80243071937439,1144.7332999486275
2025-12-15,528.7734936357665,-4.024638452943742,1086.370463746743
2025-12-16,602.3977902804368,105.67334119683656,1134.6747898299777
2025-12-17,619.470490901173,91.13083152734744,1126.2348773000022
2025-12-18,703.749300843823,175.86504014958146,1180.6840517631404
2025-12-19,629.9033560329434,113.6470978020791,1153.534871994177
2025-12-20,630.9769539098027,117.36141020363134,1138.540379760601
2025-12-21,668.0880060635723,166.08607340158252,1209.6253459006523
2025-12-22,564.3241124396355,42.03986874664418,1108.871876273317
2025-12-23,637.2305394670756,154.947992501068,1164.57298818776
2025-12-24,653.0561312497409,156.89888366712142,1213.681833672721
2025-12-25,735.5115282573241,215.70256605425126,1311.225260108526
2025-12-26,659.2321067170236,150.88687250434813,1168.4101138464007
2025-12-27,657.2440130184466,134.07549514586862,1118.5606463925483
2025-12-28,690.6644752991475,167.87394715200023,1241.876695198537
2025-12-29,582.5992140011709,61.59430373542088,1122.024500850735
2025-12-30,650.6311720502727,114.73654957792658,1205.1413249970203
2025-12-31,661.0665503770048,154.5709420845218,1210.7936686052976
2026-01-01,737.6924998337922,225.50973676669005,1260.1777613438758
2026-01-02,655.2388800527657,131.64932160037873,1186.5856369823873
2026-01-03,646.8424790545453,127.3148773514635,1167.6067459478452
2026-01-04,673.744915355657,126.56200822462648,1203.0900177301735
2026-01-05,559.1871048005241,53.26217154263075,1088.9680876545665
2026-01-06,620.8945913592024,78.85542063406277,1126.9685496701752
2026-01-07,625.3198224660086,90.87852591292993,1166.2341540555574
2026-01-08,696.3958282445942,166.91803959910453,1218.9658265117318
2026-01-09,608.9938336512724,66.93066365700051,1126.282742927976
2026-01-10,596.3833224334625,40.845734140340475,1126.2665257127353
2026-01-11,619.9259024974241,109.23216865692098,1122.3911486219038
2026-01-12,502.96598156332425,5.83746429018017,1022.4554427066541
2026-01-13,563.312673794242,24.914271821996014,1100.907842396386
2026-01-14,567.4791304009834,25.00698588485723,1085.8199620179867
2026-01-15,639.4338533138889,121.2875057817958,1161.171937794199
2026-01-16,554.0566047837693,26.93041494759148,1044.8892393752162
2026-01-17,544.5974970920967,33.350219140054335,1057.845139439852
2026-01-18,572.3706550450885,43.68880825141669,1079.231504229237
2026-01-19,460.6454836002797,-46.03008661989831,972.9481644072787
2026-01-20,527.1299571380097,-1.1257550490355184,1048.2922117838439
2026-01-21,538.2120983949169,-16.90325496401197,1078.6810572393254
2026-01-22,617.7141565905015,61.249245859852344,1097.0384117286549
2026-01-23,540.3520260865312,25.80176574625679,1099.308341962666
2026-01-24,539.1983977635518,13.299428046011894,1033.816876093425
2026-01-25,575.3809272562871,75.43478544026733,1170.6055951728963
2026-01-26,471.9783261698675,-50.61434876641027,979.5018371936333
2026-01-27,546.5086595301801,9.348345492668878,1079.202242205572
2026-01-28,565.1758740334114,56.502963953569235,1083.9618414441245
2026-01-29,651.6289214324839,131.61049950710597,1191.1012816358063
2026-01-30,580.4258743647392,39.55679016375694,1068.492295995549
2026-01-31,584.5013884672676,69.28952176630722,1123.1780643553188
2026-02-01,624.868666450013,85.98342834494937,1212.0012098007408
2026-02-02,524.518715600118,10.929729370660418,1038.9905246391938
2026-02-03,600.9110846637033,98.88237139555918,1130.8718304443328
2026-02-04,620.2220278137178,84.96507136736294,1107.3491556095705
2026-02-05,706.1044060557904,141.4124107374253,1235.0221092229817
2026-02-06,633.1516941231359,88.25360132145983,1134.2565619395903
2026-02-07,634.3644432346371,124.86381831127305,1184.0088521528642
2026-02-08,670.850378039246,175.49231175253615,1204.7043762869646
2026-02-09,565.7209675266599,40.35457805394118,1099.2038703354553
2026-02-10,636.578728620004,101.64265493459929,1141.7731676361407
2026-02-11,649.7613053578468,92.74146046514505,1181.790732099671
2026-02-12,729.0967490926262,143.58224732932078,1223.973207169716
2026-02-13,649.3624993523717,126.73706354631263,1200.228682745459
2026-02-14,643.7465601476478,116.99950145771318,1177.5122667922492
2026-02-15,673.5422030418648,143.11225372531428,1159.7449909027969
2026-02-16,562.0391938986163,65.64195738018506,1063.5729545543406
2026-02-17,627.0059586452544,121.04480804680873,1150.2872289348916
2026-02-18,634.9288824598682,75.55734966873455,1162.5966858272832
2026-02-19,709.7633096354156,126.04441063165348,1219.5969888294287
2026-02-20,626.3888716821543,97.46199388650618,1177.5469489247216
2026-02-21,618.0677485482735,94.2854497134336,1144.6728624745092
2026-02-22,646.1372832220703,147.97633416605763,1167.7057505191492
2026-02-23,533.9000116106134,49.65363910086133,1098.6003692460179
2026-02-24,599.1055620140065,81.14176492922128,1129.55500125413
2026-02-25,608.1906302628175,102.77451804584128,1134.8634291231347
2026-02-26,685.0315815823465,149.99785983571354,1223.0355191528092
2026-02-27,604.402263046215,63.019136597067934,1098.2052958249872
2026-02-28,599.4355614159448,56.48344273983321,1139.5087962436514
2026-03-01,631.3200320675987,75.7749541467789,1156.259347812049
2026-03-02,523.1945445552489,-31.17331150599978,1051.0722874662918
2026-03-03,592.635264292656,14.81141678489305,1105.4705974287988
2026-03-04,605.9010269950339,73.09650555582952,1161.9066261858868
2026-03-05,686.6914972874661,132.352925957762,1225.2262234465943
2026-03-06,609.610530109602,86.93934841354513,1134.3671160608058
2026-03-07,607.6331037853519,159.439828396251,1164.1524384217653
2026-03-08,641.8069887516185,92.53936977318618,1185.4855660599972
2026-03-09,535.1519448225584,-20.989774676188706,1047.0180454951135
2026-03-10,605.1506274154033,62.90310354742849,1160.9588160216613
2026-03-11,617.9971381429045,116.01271076741506,1151.8891958108334
2026-03-12,697.3575114540622,160.12507700366754,1236.3158049960314
2026-03-13,617.8344808228014,96.59097500376849,1169.3118274347341
2026-03-14,612.4348451911466,119.16013020481921,1185.0715799050001
2026-03-15,642.2705800434966,74.89708226955777,1142.4997488018832
2026-03-16,530.4564956606912,-15.684666727709132,1065.1114527807197
2026-03-17,594.598661854364,74.93355621929001,1081.6507613951928
2026-03-18,601.0396016275702,68.38723128609215,1147.7855200064348
2026-03-19,673.6146388994821,143.72842601997212,1173.5471383984207
2026-03-20,587.111860998013,65.86137571721956,1128.3900377513412
2026-03-21,574.7341542916992,30.84841824723941,1050.390224853484
2026-03-22,597.7946114815927,52.58666429270581,1109.4738817391162
2026-03-23,479.6082793017085,-44.6498695476074,991.7276321118917
2026-03-24,537.9746392988154,-42.633166813549046,1080.1773687327898
2026-03-25,539.4169996598828,28.956322653266586,1051.8728091185903
2026-03-26,607.9333556579248,77.68496182555107,1158.3745303785647
2026-03-27,518.4513437391803,6.732861295643212,1081.6312822623718
2026-03-28,504.28589884788164,-38.291137038487065,1055.5165535096723
2026-03-29,526.8310471876334,28.53303782097245,1063.549203203738
2026-03-30,409.4489151944902,-107.07170488324998,959.8983159238676
2026-03-31,469.9504343734204,-34.17716268650943,1005.7741083728818
2026-04-01,474.83397919859544,-63.4826541041042,986.5597408580603
2026-04-02,548.0365252071432,5.134077918949058,1107.1741859756598
2026-04-03,464.3899511805526,-42.000520302523775,1019.0752280121967
2026-04-04,457.08106304148555,-68.55028020675452,942.9904091808056
2026-04-05,487.3467096208997,-62.13148451807897,976.8713056301656
2026-04-06,378.36698061394,-131.87054858451387,910.2346433521665
2026-04-07,447.7508500055897,-66.48564123958805,966.8392518932437
2026-04-08,461.7803631427214,-54.58383817210185,1055.7612622571169
2026-04-09,544.1677968961188,52.793371164930086,1033.3085192579485
2026-04-10,469.518244931564,-18.0541524143858,994.701686484177
2026-04-11,470.7960246831503,-34.54004749542581,996.037402827171
2026-04-12,509.0260911841114,-79.19907909691389,1058.8727197689425
2026-04-13,407.19326456604756,-140.8616376298242,932.5284828473394
2026-04-14,482.7334578380153,-16.45800391142031,1022.4723588077168
2026-04-15,501.78283852739196,-42.72262020304713,1003.3981091135611
2026-04-16,587.9392059652562,53.44346279579299,1100.752659416317
2026-04-17,515.7279099394601,-31.54235520729712,1035.767613450206
2026-04-18,518.070606155736,-46.75091167430092,1049.0818667414167
2026-04-19,555.9879607726574,14.7558295520753,1080.3695988439601
2026-04-20,452.499068405319,-75.6295653862799,974.4000784078961
2026-04-21,525.1117597314047,-24.592774045030342,1052.1969495088929
2026-04-22,540.0697541229061,-38.22220070173307,1089.2112175680807
2026-04-23,621.11099281691,85.36851931254057,1190.6190934247809
2026-04-24,542.9295625090848,22.830369205077616,1036.9886808765245
2026-04-25,538.6396170986251,-19.423010518716232,1052.297748818031
2026-04-26,569.4725470946341,48.026009722783186,1116.4288329609285
2026-04-27,458.6703193965145,-94.44048403479621,984.8705244597338
2026-04-28,523.9693384121057,-23.885451871987478,1040.0912764173033
2026-04-29,531.8409702691864,-31.972517569902166,1040.854646572859
2026-04-30,606.2432580377412,98.88078106957774,1139.8814920907932
2026-05-01,522.0764307524167,3.1978984333515315,1075.1554820089086
2026-05-02,512.6408017079524,-2.6828774070708783,1069.0940677905921
2026-05-03,539.3284826217307,-3.548714164030747,1076.685721942396
2026-05-04,425.5119975725735,-85.03337164825747,953.6281863214101
2026-05-05,489.02428819457083,-69.35800059695711,1036.257856279248
2026-05-06,496.3963675418421,-24.97732159152953,968.76694652376
2026-05-07,571.6072378251725,20.650634117573535,1084.530874275555
2026-05-08,489.53873108211366,-36.580795930180656,1011.2909307963391
2026-05-09,483.43389169518605,-0.5601744468369262,1011.332954306594
2026-05-10,514.5903171757587,54.075504748034206,1012.0229802793264
2026-05-11,406.25149745799246,-93.5566750606288,911.4130843507479
2026-05-12,476.09056818323756,-72.55396813773247,998.4471798058995
2026-05-13,490.45262911725035,-70.18645971854075,1018.6759879554259
2026-05-14,573.1101093758037,76.52804417607281,1041.5316940155044
2026-05-15,498.7236814839754,-60.15493575540924,1037.8745508277166
2026-05-16,500.307167173696,-54.373591302526634,1024.9005169288762
2026-05-17,538.9276613894699,16.105515414028805,1105.2319850673027
2026-05-18,437.6037163890419,-51.15367585994062,958.9895897388833
2026-05-19,513.795800382831,-10.841516132157661,1023.020861032647
2026-05-20,533.6549840522912,-26.093667589215492,1072.560554967028
2026-05-21,620.7841478205569,96.6262220844538,1145.8815247524026
2026-05-22,549.7040376915093,23.591150956539934,1093.6351313099406
2026-05-23,553.3224580835151,25.982995494152004,1042.0782162714947
2026-05-24,592.6376980235872,56.526365879194564,1137.7975202562984
2026-05-25,490.63893073384367,-9.46604219924845,1040.68282248002
2026-05-26,564.7977306134518,65.14844886289059,1087.2020548373184
2026-05-27,581.3166240826613,30.663919059046464,1094.2679171050984
2026-05-28,663.8889651492611,131.1916901289471,1217.6168099958036
2026-05-29,587.1624965366159,83.35487534790943,1171.2663358609905
2026-05-30,584.2049521219403,110.82004019665861,1123.1450196673516
2026-05-31,616.2028968122061,79.42586278753697,1184.980056114156
2026-06-01,506.35667340652964,-38.87532395203319,1073.5526817234888
2026-06-02,572.3657560220742,21.521093782000467,1056.5062733979669
2026-06-03,580.6706038351015,58.4250701634666,1106.1604329538454
2026-06-04,655.2054998809083,139.0613685716299,1255.817270705065
2026-06-05,570.8549407037775,53.652685001991614,1096.0855352072244
2026-06-06,560.9121426797891,52.216244310640164,1123.0020008694457
2026-06-07,586.7710702585553,47.60361193302376,1106.111560226811
2026-06-08,471.8150577366929,-49.878255468392545,1017.3576103503051
2026-06-09,533.8965132054218,-16.41180729033063,1073.6486653463282
2026-06-10,539.5739689561567,-2.1283495622130326,1044.916503567445
2026-06-11,612.8611099794841,115.8874666277572,1108.595693578656
2026-06-12,528.680465225825,-24.767576121530144,1077.3075566221091
2026-06-13,520.3204146879455,-16.200735595271546,1026.9881781304086
2026-06-14,549.1269704441164,1.1672522653407664,1093.2089714125154
2026-06-15,438.3934200625091,-92.58736086348777,983.1632050770581
2026-06-16,505.84230105341936,-13.451601240389548,1034.161910392417
2026-06-17,517.865914236019,-8.329769468116007,1050.230226407547
2026-06-18,598.2799162788868,24.9683899901947,1131.4508199316142
2026-06-19,521.7825521155165,6.277159507335532,1035.1909898476342
2026-06-20,521.4180271827067,-5.9781606369981795,1044.5054297085323
2026-06-21,558.2752995626657,35.15977171163385,1083.2423886245447
2026-06-22,455.38518244988745,-31.239172735463722,978.4410887960933
2026-06-23,530.2100133102325,-12.141799077836914,1046.2056448789626
2026-06-24,548.8918769519928,37.12823018130872,1084.0042374056638
2026-06-25,635.0137001104148,113.89930679233164,1188.2981477179671
2026-06-26,563.0655599737314,25.997081307843594,1083.1626137165435
2026-06-27,565.9144989707552,65.10158503547062,1142.1666608052126
2026-06-28,604.5089349868857,80.32457423509102,1139.143608320541
2026-06-29,501.7803887626661,9.711933009001664,1048.2976535109296
2026-06-30,575.1366433929828,26.128753890999228,1067.829073033062
2026-07-01,590.7122131341773,79.174323506982,1141.2209182458416
2026-07-02,672.1303638542277,128.6634913563225,1197.3425795403189
2026-07-03,593.968989389353,56.48128354813357,1139.2655165619828
2026-07-04,589.2286363676512,38.42233081915906,1129.4679284888748
2026-07-05,619.033805512629,94.10412284828085,1174.1451905579704
2026-07-06,506.53032776218873,-8.158241940406167,1012.2347456171545
2026-07-07,569.373042442773,72.83846849002036,1053.8118707071694
2026-07-08,573.9697997990531,67.4147767917938,1101.3648174760965
2026-07-09,644.2362041311,131.59787560273944,1143.338359048612
2026-07-10,555.053599754566,28.88206593066492,1117.7505333121655
2026-07-11,539.7288088852026,23.240351706016355,1074.104256680849
2026-07-12,559.6869785277859,0.6738226929641226,1053.705872470315
2026-07-13,438.36056993160247,-66.79512569560751,926.9485130764334
2026-07-14,493.6689525955569,-30.404742432792542,1013.3889635435494
2026-07-15,492.25485280217606,-17.426864262025163,1014.0019207651108
2026-07-16,558.2322870784831,13.734387890790686,1067.2931300290766
2026-07-17,466.6386773610106,-73.12738408687859,970.3063036603837
2026-07-18,450.8898263578908,-71.3903961053654,956.0024254017468
2026-07-19,472.4692496084679,-36.07763098358704,999.6887148717025
2026-07-20,354.8150031412024,-166.0259844925156,859.3561480539435
2026-07-21,415.7985369913374,-112.17766989844047,945.3115553397117
2026-07-22,421.96185364286856,-123.61661735150317,933.0713392821413
2026-07-23,497.26759077377153,21.379335990490357,1024.6723772537373
2026-07-24,416.55467413801523,-122.62478489371064,949.9371880776441
2026-07-25,412.9981294796652,-132.1062656391164,982.4194264993982
2026-07-26,447.8044241286563,-72.89363662517765,1010.7269448458501
2026-07-27,344.10531847450716,-188.85849259968285,846.0690188360704
2026-07-28,419.4445703399904,-119.29588001395743,962.3231183329252
2026-07-29,440.02356070188813,-115.32793704214427,947.6610143494146
2026-07-30,529.4602319218698,-2.6216004131597574,1028.0585264145566
2026-07-31,462.2537448189073,-62.5353161935726,1007.6854269941016
2026-08-01,471.2531993099845,-74.98941583557712,988.5310691015827
2026-08-02,517.361547187996,-27.412184905678437,1046.3655492564599
2026-08-03,423.43744396655376,-144.20429328709824,948.5616535833417
2026-08-04,506.78916480128595,-5.2069312232266105,1025.9774154990118
2026-08-05,533.4264562529279,12.257479034937525,1067.304298525307
2026-08-06,626.8245451395537,38.59706389059305,1121.542031846952
2026-08-07,561.3925723627883,12.57565467220072,1092.3968280643187
2026-08-08,569.9446933250508,64.36175457880557,1089.2282408986366
2026-08-09,613.4049085258715,93.68930759482882,1156.2957441980463
2026-08-10,514.7083462616729,-3.585571460112192,1062.8911534854947
2026-08-11,591.2931380411794,60.35753947034307,1097.8336799583624
2026-08-12,609.3488142471472,55.32663478239752,1124.520555299121
2026-08-13,692.5755356541734,162.64060671210225,1214.0310214218257
2026-08-14,615.6465589989629,96.69055500614527,1147.6096805827624
2026-08-15,611.6723408375364,68.41183202852005,1110.0125327458297
2026-08-16,641.8975336796607,68.06778807932109,1212.9449318393274
2026-08-17,529.5938092112411,-13.630256332529196,1064.328138964763
2026-08-18,592.5428786808152,59.322795151601625,1122.8412150804595
2026-08-19,597.2758776692813,62.16307877934751,1110.1941900359866
2026-08-20,667.8236741428709,144.98791978732632,1232.0499888217753
2026-08-21,579.1707381678799,81.10097328139993,1101.6934538116966
2026-08-22,564.7112079820891,23.611283243731364,1114.9550063489219
2026-08-23,585.9386208861464,43.388000502150135,1145.7175356527703
2026-08-24,466.3324363248161,-56.25017659680412,995.8369840224407
2026-08-25,523.8358867404537,20.807793724864517,1078.8278766099581
2026-08-26,525.0914573706967,10.318277060135909,1081.41247851592
2026-08-27,594.1886527430083,72.05943494711973,1096.3882702876936
2026-08-28,506.1167494391205,3.4229869177457024,1017.7523848573902
2026-08-29,494.2211918423393,-39.80164674598447,1034.3462524100119
2026-08-30,519.8950817436137,-12.856015464648271,1014.427429765361
2026-08-31,406.4688326927324,-91.27811957775685,940.9728447391655
2026-09-01,471.6924310326212,-31.60763292217761,979.4472230107282
2026-09-02,481.97647677923715,-25.014703452137915,1006.9319001595536
2026-09-03,561.1465034595178,62.61154474910951,1115.5299018668557
2026-09-04,483.9030917468973,-31.744830057815417,1020.138034879619
2026-09-05,483.286228047725,-42.504338094683305,1046.0909192091583
2026-09-06,520.3751383258417,-18.093713362799708,1051.6599714024035
2026-09-07,418.1864386386005,-132.90236322225365,969.9418618201709
2026-09-08,494.1648124436173,-9.644135155820619,1055.720488744952
2026-09-09,514.4321599547146,-20.688315745934602,1064.372452346972
2026-09-10,602.5495010059252,65.71012903474552,1140.809185263453
